-- MySQL dump 10.13  Distrib 9.4.0, for macos14.7 (x86_64)
--
-- Host: localhost    Database: pizza_ordering
-- ------------------------------------------------------
-- Server version	9.4.0

/*!40101 SET @OLD_CHARACTER_SET_CLIENT=@@CHARACTER_SET_CLIENT */;
/*!40101 SET @OLD_CHARACTER_SET_RESULTS=@@CHARACTER_SET_RESULTS */;
/*!40101 SET @OLD_COLLATION_CONNECTION=@@COLLATION_CONNECTION */;
/*!50503 SET NAMES utf8mb4 */;
/*!40103 SET @OLD_TIME_ZONE=@@TIME_ZONE */;
/*!40103 SET TIME_ZONE='+00:00' */;
/*!40014 SET @OLD_UNIQUE_CHECKS=@@UNIQUE_CHECKS, UNIQUE_CHECKS=0 */;
/*!40014 SET @OLD_FOREIGN_KEY_CHECKS=@@FOREIGN_KEY_CHECKS, FOREIGN_KEY_CHECKS=0 */;
/*!40101 SET @OLD_SQL_MODE=@@SQL_MODE, SQL_MODE='NO_AUTO_VALUE_ON_ZERO' */;
/*!40111 SET @OLD_SQL_NOTES=@@SQL_NOTES, SQL_NOTES=0 */;

--
-- Table structure for table `customer`
--

DROP TABLE IF EXISTS `customer`;
/*!40101 SET @saved_cs_client     = @@character_set_client */;
/*!50503 SET character_set_client = utf8mb4 */;
CREATE TABLE `customer` (
  `customer_id` int NOT NULL AUTO_INCREMENT,
  `first_name` varchar(32) NOT NULL,
  `last_name` varchar(32) NOT NULL,
  `birthdate` date NOT NULL,
  `address` varchar(255) DEFAULT NULL,
  `phone_number` varchar(32) NOT NULL,
  `gender` int DEFAULT NULL,
  PRIMARY KEY (`customer_id`),
  UNIQUE KEY `phone_number` (`phone_number`)
) ENGINE=InnoDB AUTO_INCREMENT=12 DEFAULT CHARSET=utf8mb4 COLLATE=utf8mb4_0900_ai_ci;
/*!40101 SET character_set_client = @saved_cs_client */;

--
-- Dumping data for table `customer`
--

LOCK TABLES `customer` WRITE;
/*!40000 ALTER TABLE `customer` DISABLE KEYS */;
INSERT INTO `customer` VALUES (1,'Mario','Rossi','1985-05-15','Via Roma 123','+1234567890',1),(2,'Luigi','Bianchi','1990-08-22','Via Milano 456','+1234567891',1),(3,'Maria','Verdi','1988-03-10','Via Napoli 789','+1234567892',0),(4,'Giulia','Conti','1995-11-02','Via Firenze 12','+1234567893',0),(5,'Francesco','Moretti','1982-01-28','Via Torino 45','+1234567894',1),(6,'Chiara','Gallo','1999-07-16','Corso Venezia 77','+1234567895',0),(7,'Lorenzo','Ricci','1978-09-09','Piazza Duomo 3','+1234567896',1),(8,'Sara','Marini','1993-04-04','Via Trieste 21','+1234567897',0),(9,'Elena','Romano','2001-06-30','Via Genova 88','+1234567898',0),(10,'Davide','Giordano','1987-12-19','Viale Garibaldi 9','+1234567899',1),(11,'Alessia','Barbieri','1996-02-14','Via Bologna 56','+1234567800',0);
/*!40000 ALTER TABLE `customer` ENABLE KEYS */;
UNLOCK TABLES;

--
-- Table structure for table `delivery_person`
--

DROP TABLE IF EXISTS `delivery_person`;
/*!40101 SET @saved_cs_client     = @@character_set_client */;
/*!50503 SET character_set_client = utf8mb4 */;
CREATE TABLE `delivery_person` (
  `delivery_person_id` int NOT NULL AUTO_INCREMENT,
  `delivery_person_first_name` varchar(32) NOT NULL,
  `delivery_person_last_name` varchar(32) NOT NULL,
  `postal_code` varchar(6) NOT NULL,
  `next_available_time` datetime NOT NULL,
  PRIMARY KEY (`delivery_person_id`)
) ENGINE=InnoDB AUTO_INCREMENT=4 DEFAULT CHARSET=utf8mb4 COLLATE=utf8mb4_0900_ai_ci;
/*!40101 SET character_set_client = @saved_cs_client */;

--
-- Dumping data for table `delivery_person`
--

LOCK TABLES `delivery_person` WRITE;
/*!40000 ALTER TABLE `delivery_person` DISABLE KEYS */;
INSERT INTO `delivery_person` VALUES (1,'Giovanni','Delivery','1234AB','2025-10-09 15:55:27'),(2,'Francesco','Speed','5678CD','2025-10-09 15:55:27'),(3,'Luca','Fast','9012EF','2025-10-09 15:55:27');
/*!40000 ALTER TABLE `delivery_person` ENABLE KEYS */;
UNLOCK TABLES;

--
-- Table structure for table `dessert`
--

DROP TABLE IF EXISTS `dessert`;
/*!40101 SET @saved_cs_client     = @@character_set_client */;
/*!50503 SET character_set_client = utf8mb4 */;
CREATE TABLE `dessert` (
  `dessert_id` int NOT NULL AUTO_INCREMENT,
  `name` varchar(50) NOT NULL,
  `price` decimal(8,2) NOT NULL,
  PRIMARY KEY (`dessert_id`)
) ENGINE=InnoDB AUTO_INCREMENT=10 DEFAULT CHARSET=utf8mb4 COLLATE=utf8mb4_0900_ai_ci;
/*!40101 SET character_set_client = @saved_cs_client */;

--
-- Dumping data for table `dessert`
--

LOCK TABLES `dessert` WRITE;
/*!40000 ALTER TABLE `dessert` DISABLE KEYS */;
INSERT INTO `dessert` VALUES (1,'Tiramisu',4.00),(2,'Panna Cotta',3.50),(3,'Tiramisu',4.00),(4,'Panna Cotta',3.50),(5,'Gelato',3.00),(6,'Chocolate Lava Cake',4.50),(7,'Fruity Sorbet',3.80),(8,'Affogato',3.50),(9,'Cheesecake',4.20);
/*!40000 ALTER TABLE `dessert` ENABLE KEYS */;
UNLOCK TABLES;

--
-- Table structure for table `discount_code`
--

DROP TABLE IF EXISTS `discount_code`;
/*!40101 SET @saved_cs_client     = @@character_set_client */;
/*!50503 SET character_set_client = utf8mb4 */;
CREATE TABLE `discount_code` (
  `discount_id` int NOT NULL AUTO_INCREMENT,
  `percentage` int NOT NULL,
  `discount_code` varchar(32) NOT NULL,
  PRIMARY KEY (`discount_id`),
  UNIQUE KEY `discount_code` (`discount_code`)
) ENGINE=InnoDB AUTO_INCREMENT=4 DEFAULT CHARSET=utf8mb4 COLLATE=utf8mb4_0900_ai_ci;
/*!40101 SET character_set_client = @saved_cs_client */;

--
-- Dumping data for table `discount_code`
--

LOCK TABLES `discount_code` WRITE;
/*!40000 ALTER TABLE `discount_code` DISABLE KEYS */;
INSERT INTO `discount_code` VALUES (1,10,'WELCOME10'),(2,15,'STUDENT15'),(3,20,'VIP20');
/*!40000 ALTER TABLE `discount_code` ENABLE KEYS */;
UNLOCK TABLES;

--
-- Table structure for table `drink`
--

DROP TABLE IF EXISTS `drink`;
/*!40101 SET @saved_cs_client     = @@character_set_client */;
/*!50503 SET character_set_client = utf8mb4 */;
CREATE TABLE `drink` (
  `drink_id` int NOT NULL AUTO_INCREMENT,
  `name` varchar(50) NOT NULL,
  `price` decimal(8,2) NOT NULL,
  PRIMARY KEY (`drink_id`)
) ENGINE=InnoDB AUTO_INCREMENT=11 DEFAULT CHARSET=utf8mb4 COLLATE=utf8mb4_0900_ai_ci;
/*!40101 SET character_set_client = @saved_cs_client */;

--
-- Dumping data for table `drink`
--

LOCK TABLES `drink` WRITE;
/*!40000 ALTER TABLE `drink` DISABLE KEYS */;
INSERT INTO `drink` VALUES (1,'Coca Cola',2.50),(2,'Water',1.00),(3,'Fanta',2.20),(4,'Sprite',2.20),(5,'Coca Cola Zero',2.50),(6,'Iced Tea',2.30),(7,'Sparkling Water',1.50),(8,'Lemonade',2.00),(9,'Apple Juice',2.40),(10,'Beer',3.00);
/*!40000 ALTER TABLE `drink` ENABLE KEYS */;
UNLOCK TABLES;

--
-- Table structure for table `ingredient`
--

DROP TABLE IF EXISTS `ingredient`;
/*!40101 SET @saved_cs_client     = @@character_set_client */;
/*!50503 SET character_set_client = utf8mb4 */;
CREATE TABLE `ingredient` (
  `ingredient_id` int NOT NULL AUTO_INCREMENT,
  `ingredient_name` varchar(32) NOT NULL,
  `price` decimal(8,2) NOT NULL,
  `vegetarian` tinyint(1) NOT NULL,
  `vegan` tinyint(1) NOT NULL,
  PRIMARY KEY (`ingredient_id`),
  UNIQUE KEY `ingredient_name` (`ingredient_name`)
) ENGINE=InnoDB AUTO_INCREMENT=14 DEFAULT CHARSET=utf8mb4 COLLATE=utf8mb4_0900_ai_ci;
/*!40101 SET character_set_client = @saved_cs_client */;

--
-- Dumping data for table `ingredient`
--

LOCK TABLES `ingredient` WRITE;
/*!40000 ALTER TABLE `ingredient` DISABLE KEYS */;
INSERT INTO `ingredient` VALUES (1,'Tomato Sauce',1.50,1,1),(2,'Mozzarella',2.00,1,0),(3,'Pepperoni',2.50,0,0),(4,'Mushrooms',1.75,1,1),(5,'Bell Peppers',1.25,1,1),(6,'Onions',1.00,1,1),(7,'Olives',1.50,1,1),(8,'Ham',2.75,0,0),(9,'Pineapple',1.80,1,1),(10,'Basil',0.75,1,1),(11,'Parmesan',2.20,1,0),(12,'Gorgonzola',2.30,1,0),(13,'Vegan Mozzarella',2.00,1,1);
/*!40000 ALTER TABLE `ingredient` ENABLE KEYS */;
UNLOCK TABLES;

--
-- Table structure for table `menu_item`
--

DROP TABLE IF EXISTS `menu_item`;
/*!40101 SET @saved_cs_client     = @@character_set_client */;
/*!50503 SET character_set_client = utf8mb4 */;
CREATE TABLE `menu_item` (
  `item_id` int NOT NULL AUTO_INCREMENT,
  `item_type` varchar(20) NOT NULL,
  `item_ref_id` int NOT NULL,
  PRIMARY KEY (`item_id`)
) ENGINE=InnoDB AUTO_INCREMENT=31 DEFAULT CHARSET=utf8mb4 COLLATE=utf8mb4_0900_ai_ci;
/*!40101 SET character_set_client = @saved_cs_client */;

--
-- Dumping data for table `menu_item`
--

LOCK TABLES `menu_item` WRITE;
/*!40000 ALTER TABLE `menu_item` DISABLE KEYS */;
INSERT INTO `menu_item` VALUES (1,'pizza',1),(2,'pizza',2),(3,'pizza',3),(4,'pizza',4),(5,'pizza',5),(6,'pizza',6),(7,'pizza',7),(8,'pizza',8),(9,'pizza',9),(10,'pizza',10),(11,'pizza',11),(12,'drink',1),(13,'drink',2),(14,'drink',3),(15,'drink',4),(16,'drink',5),(17,'drink',6),(18,'drink',7),(19,'drink',8),(20,'drink',9),(21,'drink',10),(22,'dessert',1),(23,'dessert',2),(24,'dessert',3),(25,'dessert',4),(26,'dessert',5),(27,'dessert',6),(28,'dessert',7),(29,'dessert',8),(30,'dessert',9);
/*!40000 ALTER TABLE `menu_item` ENABLE KEYS */;
UNLOCK TABLES;

--
-- Table structure for table `order`
--

DROP TABLE IF EXISTS `order`;
/*!40101 SET @saved_cs_client     = @@character_set_client */;
/*!50503 SET character_set_client = utf8mb4 */;
CREATE TABLE `order` (
  `order_id` int NOT NULL AUTO_INCREMENT,
  `customer_id` int NOT NULL,
  `discount_id` int DEFAULT NULL,
  `delivery_person_id` int NOT NULL,
  `order_time` datetime NOT NULL,
  `delivery_address` varchar(255) NOT NULL,
  `postal_code` varchar(6) NOT NULL,
  `pickup_time` datetime NOT NULL,
  `expected_delivery_time` datetime NOT NULL,
  `total_price` decimal(8,2) NOT NULL,
  PRIMARY KEY (`order_id`),
  KEY `customer_id` (`customer_id`),
  KEY `discount_id` (`discount_id`),
  KEY `delivery_person_id` (`delivery_person_id`),
  CONSTRAINT `order_ibfk_1` FOREIGN KEY (`customer_id`) REFERENCES `customer` (`customer_id`),
  CONSTRAINT `order_ibfk_2` FOREIGN KEY (`discount_id`) REFERENCES `discount_code` (`discount_id`),
  CONSTRAINT `order_ibfk_3` FOREIGN KEY (`delivery_person_id`) REFERENCES `delivery_person` (`delivery_person_id`)
) ENGINE=InnoDB DEFAULT CHARSET=utf8mb4 COLLATE=utf8mb4_0900_ai_ci;
/*!40101 SET character_set_client = @saved_cs_client */;

--
-- Dumping data for table `order`
--

LOCK TABLES `order` WRITE;
/*!40000 ALTER TABLE `order` DISABLE KEYS */;
/*!40000 ALTER TABLE `order` ENABLE KEYS */;
UNLOCK TABLES;

--
-- Table structure for table `order_item`
--

DROP TABLE IF EXISTS `order_item`;
/*!40101 SET @saved_cs_client     = @@character_set_client */;
/*!50503 SET character_set_client = utf8mb4 */;
CREATE TABLE `order_item` (
  `order_id` int NOT NULL,
  `item_id` int NOT NULL,
  `amount` int NOT NULL,
  PRIMARY KEY (`order_id`,`item_id`),
  KEY `item_id` (`item_id`),
  CONSTRAINT `order_item_ibfk_1` FOREIGN KEY (`order_id`) REFERENCES `order` (`order_id`),
  CONSTRAINT `order_item_ibfk_2` FOREIGN KEY (`item_id`) REFERENCES `menu_item` (`item_id`)
) ENGINE=InnoDB DEFAULT CHARSET=utf8mb4 COLLATE=utf8mb4_0900_ai_ci;
/*!40101 SET character_set_client = @saved_cs_client */;

--
-- Dumping data for table `order_item`
--

LOCK TABLES `order_item` WRITE;
/*!40000 ALTER TABLE `order_item` DISABLE KEYS */;
/*!40000 ALTER TABLE `order_item` ENABLE KEYS */;
UNLOCK TABLES;

--
-- Table structure for table `pizza`
--

DROP TABLE IF EXISTS `pizza`;
/*!40101 SET @saved_cs_client     = @@character_set_client */;
/*!50503 SET character_set_client = utf8mb4 */;
CREATE TABLE `pizza` (
  `pizza_id` int NOT NULL AUTO_INCREMENT,
  `name` varchar(50) NOT NULL,
  PRIMARY KEY (`pizza_id`)
) ENGINE=InnoDB AUTO_INCREMENT=12 DEFAULT CHARSET=utf8mb4 COLLATE=utf8mb4_0900_ai_ci;
/*!40101 SET character_set_client = @saved_cs_client */;

--
-- Dumping data for table `pizza`
--

LOCK TABLES `pizza` WRITE;
/*!40000 ALTER TABLE `pizza` DISABLE KEYS */;
INSERT INTO `pizza` VALUES (1,'Margherita'),(2,'Pepperoni'),(3,'Veggie Deluxe'),(4,'Hawaiian'),(5,'Four Cheese'),(6,'Meat Feast'),(7,'Capricciosa'),(8,'Funghi'),(9,'Vegan Garden'),(10,'Vegan Tropical'),(11,'Vegan Classic');
/*!40000 ALTER TABLE `pizza` ENABLE KEYS */;
UNLOCK TABLES;

--
-- Table structure for table `pizza_ingredient`
--

DROP TABLE IF EXISTS `pizza_ingredient`;
/*!40101 SET @saved_cs_client     = @@character_set_client */;
/*!50503 SET character_set_client = utf8mb4 */;
CREATE TABLE `pizza_ingredient` (
  `pizza_id` int NOT NULL,
  `ingredient_id` int NOT NULL,
  PRIMARY KEY (`pizza_id`,`ingredient_id`),
  KEY `ingredient_id` (`ingredient_id`),
  CONSTRAINT `pizza_ingredient_ibfk_1` FOREIGN KEY (`pizza_id`) REFERENCES `pizza` (`pizza_id`),
  CONSTRAINT `pizza_ingredient_ibfk_2` FOREIGN KEY (`ingredient_id`) REFERENCES `ingredient` (`ingredient_id`)
) ENGINE=InnoDB DEFAULT CHARSET=utf8mb4 COLLATE=utf8mb4_0900_ai_ci;
/*!40101 SET character_set_client = @saved_cs_client */;

--
-- Dumping data for table `pizza_ingredient`
--

LOCK TABLES `pizza_ingredient` WRITE;
/*!40000 ALTER TABLE `pizza_ingredient` DISABLE KEYS */;
INSERT INTO `pizza_ingredient` VALUES (1,1),(2,1),(3,1),(4,1),(5,1),(6,1),(7,1),(8,1),(9,1),(10,1),(11,1),(1,2),(2,2),(3,2),(4,2),(5,2),(6,2),(7,2),(8,2),(2,3),(6,3),(3,4),(7,4),(8,4),(9,4),(11,4),(3,5),(9,5),(10,5),(3,6),(9,6),(10,6),(3,7),(7,7),(9,7),(11,7),(4,8),(6,8),(7,8),(4,9),(10,9),(1,10),(11,10),(5,11),(5,12),(9,13),(10,13),(11,13);
/*!40000 ALTER TABLE `pizza_ingredient` ENABLE KEYS */;
UNLOCK TABLES;
/*!40103 SET TIME_ZONE=@OLD_TIME_ZONE */;

/*!40101 SET SQL_MODE=@OLD_SQL_MODE */;
/*!40014 SET FOREIGN_KEY_CHECKS=@OLD_FOREIGN_KEY_CHECKS */;
/*!40014 SET UNIQUE_CHECKS=@OLD_UNIQUE_CHECKS */;
/*!40101 SET CHARACTER_SET_CLIENT=@OLD_CHARACTER_SET_CLIENT */;
/*!40101 SET CHARACTER_SET_RESULTS=@OLD_CHARACTER_SET_RESULTS */;
/*!40101 SET COLLATION_CONNECTION=@OLD_COLLATION_CONNECTION */;
/*!40111 SET SQL_NOTES=@OLD_SQL_NOTES */;

-- Dump completed on 2025-10-09 15:58:03
